{
  "num_users": 749,
  "num_items": 1147,
  "num_interactions": 78362,
  "sparsity": 0.9087862572939449,
  "rating_mean": 3.5346086113167097,
  "rating_std": 1.1164656719362,
  "rating_min": 1,
  "rating_max": 5,
  "rating_unique": 5,
  "user_activity_mean": 104.62216288384512,
  "user_activity_std": 95.87058227414215,
  "user_activity_min": 1,
  "user_activity_max": 581,
  "user_activity_entropy": 5.130240296519778,
  "item_popularity_mean": 68.31909328683523,
  "item_popularity_std": 69.61299910113263,
  "item_popularity_min": 4,
  "item_popularity_max": 473,
  "item_popularity_entropy": 4.972473970028978,
  "item_popularity_gini": 0.49905026799420504,
  "user_activity_gini": 0.4635085616652005,
  "has_temporal_data": true,
  "temporal_span_days": 167.31223379629628,
  "interactions_per_day": 468.35786135881875,
  "avg_time_between_interactions": 16680.34281628078,
  "temporal_interaction_std": 246798.0082541528,
  "binary_ratings": false,
  "explicit_ratings": false,
  "implicit_feedback": true,
  "cold_start_ratio_users": 0.6381578947368421,
  "cold_start_ratio_items": 0.004405286343612335,
  "num_user_features": 7,
  "user_feature_sparsity": 0.0,
  "num_item_features": 6,
  "item_feature_sparsity": 0.0,
  "avg_items_per_user": 104.62216288384512,
  "avg_users_per_item": 68.31909328683523,
  "recommendation_difficulty": 0.5976942193831593
}